Source,TestCaseID,File,Layer,Component,PriorityScore,Est,Owner,Jira/PR/SlackRef
PR,IO-136500_pr_tests,IO-136500_pr_tests.md,BE,core,8,M,,
PR,PR-13217_structured_test_cases,PR-13217_structured_test_cases.md,UI,core,8,M,,PR-13217
PR,PR-13226_structured_test_cases,PR-13226_structured_test_cases.md,BE,core,8,M,,PR-13226
PR,PR-13367_structured_test_cases,PR-13367_structured_test_cases.md,BE,core,8,M,,PR-13367
PR,PR-13616_structured_test_cases,PR-13616_structured_test_cases.md,UI,core,8,M,,PR-13616
PR,PR-13635_structured_test_cases,PR-13635_structured_test_cases.md,BE,core,8,M,,PR-13635
PR,PR-13977_structured_test_cases,PR-13977_structured_test_cases.md,UI,core,8,M,,PR-13977
PR,PR-13978_structured_test_cases,PR-13978_structured_test_cases.md,BE,core,8,M,,PR-13978
PR,PR-14034_structured_test_cases,PR-14034_structured_test_cases.md,BE,core,8,M,,PR-14034
PR,PR-14039_structured_test_cases,PR-14039_structured_test_cases.md,UI,core,8,M,,PR-14039
PR,PR-14161_structured_test_cases,PR-14161_structured_test_cases.md,BE,core,8,M,,PR-14161
PR,PR-14177_structured_test_cases,PR-14177_structured_test_cases.md,UI,core,8,M,,PR-14177
PR,PR-14184_structured_test_cases,PR-14184_structured_test_cases.md,UI,core,8,M,,PR-14184
PR,SEC-019,PR-14192.md,BE,core,8,M,,PR-14192
PR,SEC-020,PR-14192.md,BE,core,8,M,,PR-14192
PR,SEC-021,PR-14192.md,BE,core,8,M,,PR-14192
PR,PR-14192_structured_test_cases,PR-14192_structured_test_cases.md,BE,core,8,M,,PR-14192
PR,SEC-019,PR-143929.md,BE,core,8,M,,PR-143929
PR,SEC-020,PR-143929.md,BE,core,8,M,,PR-143929
PR,SEC-021,PR-143929.md,BE,core,8,M,,PR-143929
PR,SEC-019,PR-2025.md,BE,core,8,M,,PR-2025
PR,SEC-020,PR-2025.md,BE,core,8,M,,PR-2025
PR,SEC-021,PR-2025.md,BE,core,8,M,,PR-2025
Jira,IO-141368-testcases,IO-141368-testcases.md,UI,core,7,M,,IO-141368
Jira,IO-141368-testcases_v4,IO-141368-testcases_v4.md,UI,core,7,M,,IO-141368
PR,FUN-001,PR-14192.md,BE,core,7,M,,PR-14192
PR,FUN-002,PR-14192.md,BE,core,7,M,,PR-14192
PR,FUN-003,PR-14192.md,BE,core,7,M,,PR-14192
PR,REG-004,PR-14192.md,BE,core,7,M,,PR-14192
PR,REG-005,PR-14192.md,BE,core,7,M,,PR-14192
PR,REG-006,PR-14192.md,BE,core,7,M,,PR-14192
PR,NEG-007,PR-14192.md,BE,core,7,M,,PR-14192
PR,NEG-008,PR-14192.md,BE,core,7,M,,PR-14192
PR,NEG-009,PR-14192.md,BE,core,7,M,,PR-14192
PR,INT-010,PR-14192.md,BE,core,7,M,,PR-14192
PR,INT-011,PR-14192.md,BE,core,7,M,,PR-14192
PR,INT-012,PR-14192.md,BE,core,7,M,,PR-14192
PR,API-013,PR-14192.md,API,core,7,M,,PR-14192
PR,API-014,PR-14192.md,API,core,7,M,,PR-14192
PR,API-015,PR-14192.md,API,core,7,M,,PR-14192
PR,PER-016,PR-14192.md,BE,core,7,M,,PR-14192
PR,PER-017,PR-14192.md,BE,core,7,M,,PR-14192
PR,PER-018,PR-14192.md,BE,core,7,M,,PR-14192
PR,REL-022,PR-14192.md,BE,core,7,M,,PR-14192
PR,REL-023,PR-14192.md,BE,core,7,M,,PR-14192
PR,REL-024,PR-14192.md,BE,core,7,M,,PR-14192
PR,E2E-025,PR-14192.md,BE,core,7,M,,PR-14192
PR,E2E-026,PR-14192.md,BE,core,7,M,,PR-14192
PR,E2E-027,PR-14192.md,BE,core,7,M,,PR-14192
PR,COM-028,PR-14192.md,BE,core,7,M,,PR-14192
PR,COM-029,PR-14192.md,BE,core,7,M,,PR-14192
PR,COM-030,PR-14192.md,BE,core,7,M,,PR-14192
PR,ERR-031,PR-14192.md,BE,core,7,M,,PR-14192
PR,ERR-032,PR-14192.md,BE,core,7,M,,PR-14192
PR,ERR-033,PR-14192.md,BE,core,7,M,,PR-14192
PR,FUN-001,PR-143929.md,BE,core,7,M,,PR-143929
PR,FUN-002,PR-143929.md,BE,core,7,M,,PR-143929
PR,FUN-003,PR-143929.md,BE,core,7,M,,PR-143929
PR,REG-004,PR-143929.md,BE,core,7,M,,PR-143929
PR,REG-005,PR-143929.md,BE,core,7,M,,PR-143929
PR,REG-006,PR-143929.md,BE,core,7,M,,PR-143929
PR,NEG-007,PR-143929.md,BE,core,7,M,,PR-143929
PR,NEG-008,PR-143929.md,BE,core,7,M,,PR-143929
PR,NEG-009,PR-143929.md,BE,core,7,M,,PR-143929
PR,INT-010,PR-143929.md,BE,core,7,M,,PR-143929
PR,INT-011,PR-143929.md,BE,core,7,M,,PR-143929
PR,INT-012,PR-143929.md,BE,core,7,M,,PR-143929
PR,API-013,PR-143929.md,API,core,7,M,,PR-143929
PR,API-014,PR-143929.md,API,core,7,M,,PR-143929
PR,API-015,PR-143929.md,API,core,7,M,,PR-143929
PR,PER-016,PR-143929.md,BE,core,7,M,,PR-143929
PR,PER-017,PR-143929.md,BE,core,7,M,,PR-143929
PR,PER-018,PR-143929.md,BE,core,7,M,,PR-143929
PR,REL-022,PR-143929.md,BE,core,7,M,,PR-143929
PR,REL-023,PR-143929.md,BE,core,7,M,,PR-143929
PR,REL-024,PR-143929.md,BE,core,7,M,,PR-143929
PR,E2E-025,PR-143929.md,BE,core,7,M,,PR-143929
PR,E2E-026,PR-143929.md,BE,core,7,M,,PR-143929
PR,E2E-027,PR-143929.md,BE,core,7,M,,PR-143929
PR,COM-028,PR-143929.md,BE,core,7,M,,PR-143929
PR,COM-029,PR-143929.md,BE,core,7,M,,PR-143929
PR,COM-030,PR-143929.md,BE,core,7,M,,PR-143929
PR,ERR-031,PR-143929.md,BE,core,7,M,,PR-143929
PR,ERR-032,PR-143929.md,BE,core,7,M,,PR-143929
PR,ERR-033,PR-143929.md,BE,core,7,M,,PR-143929
PR,FUN-001,PR-2025.md,BE,core,7,M,,PR-2025
PR,FUN-002,PR-2025.md,BE,core,7,M,,PR-2025
PR,FUN-003,PR-2025.md,BE,core,7,M,,PR-2025
PR,REG-004,PR-2025.md,BE,core,7,M,,PR-2025
PR,REG-005,PR-2025.md,BE,core,7,M,,PR-2025
PR,REG-006,PR-2025.md,BE,core,7,M,,PR-2025
PR,NEG-007,PR-2025.md,BE,core,7,M,,PR-2025
PR,NEG-008,PR-2025.md,BE,core,7,M,,PR-2025
PR,NEG-009,PR-2025.md,BE,core,7,M,,PR-2025
PR,INT-010,PR-2025.md,BE,core,7,M,,PR-2025
PR,INT-011,PR-2025.md,BE,core,7,M,,PR-2025
PR,INT-012,PR-2025.md,BE,core,7,M,,PR-2025
PR,API-013,PR-2025.md,API,core,7,M,,PR-2025
PR,API-014,PR-2025.md,API,core,7,M,,PR-2025
PR,API-015,PR-2025.md,API,core,7,M,,PR-2025
PR,PER-016,PR-2025.md,BE,core,7,M,,PR-2025
PR,PER-017,PR-2025.md,BE,core,7,M,,PR-2025
PR,PER-018,PR-2025.md,BE,core,7,M,,PR-2025
PR,REL-022,PR-2025.md,BE,core,7,M,,PR-2025
PR,REL-023,PR-2025.md,BE,core,7,M,,PR-2025
PR,REL-024,PR-2025.md,BE,core,7,M,,PR-2025
PR,E2E-025,PR-2025.md,BE,core,7,M,,PR-2025
PR,E2E-026,PR-2025.md,BE,core,7,M,,PR-2025
PR,E2E-027,PR-2025.md,BE,core,7,M,,PR-2025
PR,COM-028,PR-2025.md,BE,core,7,M,,PR-2025
PR,COM-029,PR-2025.md,BE,core,7,M,,PR-2025
PR,COM-030,PR-2025.md,BE,core,7,M,,PR-2025
PR,ERR-031,PR-2025.md,BE,core,7,M,,PR-2025
PR,ERR-032,PR-2025.md,BE,core,7,M,,PR-2025
PR,ERR-033,PR-2025.md,BE,core,7,M,,PR-2025
PR,PR-IO-141368,PR-IO-141368.md,BE,core,7,M,,
Jira,IO-136500-testcases_v2,IO-136500-testcases_v2.md,BE,core,6,M,,IO-136500
Jira,IO-136500-testcases_v4,IO-136500-testcases_v4.md,BE,core,6,M,,IO-136500
Jira,IO-139525-testcases,IO-139525-testcases.md,BE,core,6,M,,IO-139525
PR,PR-14192,PR-14192.md,BE,core,6,M,,PR-14192
PR,PR-143929,PR-143929.md,BE,core,6,M,,PR-143929
PR,PR-2025,PR-2025.md,BE,core,6,M,,PR-2025
Slack,DEDUP_REPORT,DEDUP_REPORT.md,API,core,6,M,,
Jira,IO-136500-testcases,IO-136500-testcases.md,BE,core,5,S,,IO-136500
PR,PR-IO-136500,PR-IO-136500.md,BE,core,5,S,,
Jira,IO-136500-testcases_v5,IO-136500-testcases_v5.md,UI,core,4,S,,IO-136500
Jira,IO-141368-testcases_v5,IO-141368-testcases_v5.md,UI,core,4,S,,IO-141368
Slack,SLK-gen-040900350093,SLK-gen-040900350093.md,UI,core,4,S,,gen-040900350093
Slack,E2E-UI-001,SLK-gen-040900350093.md,UI,core,4,S,,gen-040900350093
Slack,E2E-UI-002,SLK-gen-040900350093.md,UI,core,4,S,,gen-040900350093
Slack,E2E-UI-003,SLK-gen-040900350093.md,UI,core,4,S,,gen-040900350093
Slack,A11Y-UI-004,SLK-gen-040900350093.md,UI,core,4,S,,gen-040900350093
Slack,SLK-gen-0c457e0a44ad,SLK-gen-0c457e0a44ad.md,UI,core,4,S,,gen-0c457e0a44ad
Slack,E2E-UI-001,SLK-gen-0c457e0a44ad.md,UI,core,4,S,,gen-0c457e0a44ad
Slack,E2E-UI-002,SLK-gen-0c457e0a44ad.md,UI,core,4,S,,gen-0c457e0a44ad
Slack,E2E-UI-003,SLK-gen-0c457e0a44ad.md,UI,core,4,S,,gen-0c457e0a44ad
Slack,A11Y-UI-004,SLK-gen-0c457e0a44ad.md,UI,core,4,S,,gen-0c457e0a44ad
Slack,SLK-gen-155bc4f14fd4,SLK-gen-155bc4f14fd4.md,UI,core,4,S,,gen-155bc4f14fd4
Slack,E2E-UI-001,SLK-gen-155bc4f14fd4.md,UI,core,4,S,,gen-155bc4f14fd4
Slack,E2E-UI-002,SLK-gen-155bc4f14fd4.md,UI,core,4,S,,gen-155bc4f14fd4
Slack,E2E-UI-003,SLK-gen-155bc4f14fd4.md,UI,core,4,S,,gen-155bc4f14fd4
Slack,A11Y-UI-004,SLK-gen-155bc4f14fd4.md,UI,core,4,S,,gen-155bc4f14fd4
Slack,SLK-gen-15af3eb1abf2,SLK-gen-15af3eb1abf2.md,UI,core,4,S,,gen-15af3eb1abf2
Slack,E2E-UI-001,SLK-gen-15af3eb1abf2.md,UI,core,4,S,,gen-15af3eb1abf2
Slack,E2E-UI-002,SLK-gen-15af3eb1abf2.md,UI,core,4,S,,gen-15af3eb1abf2
Slack,E2E-UI-003,SLK-gen-15af3eb1abf2.md,UI,core,4,S,,gen-15af3eb1abf2
Slack,A11Y-UI-004,SLK-gen-15af3eb1abf2.md,UI,core,4,S,,gen-15af3eb1abf2
Slack,SLK-gen-17eb6e3cec6f,SLK-gen-17eb6e3cec6f.md,UI,core,4,S,,gen-17eb6e3cec6f
Slack,E2E-UI-001,SLK-gen-17eb6e3cec6f.md,UI,core,4,S,,gen-17eb6e3cec6f
Slack,E2E-UI-002,SLK-gen-17eb6e3cec6f.md,UI,core,4,S,,gen-17eb6e3cec6f
Slack,E2E-UI-003,SLK-gen-17eb6e3cec6f.md,UI,core,4,S,,gen-17eb6e3cec6f
Slack,A11Y-UI-004,SLK-gen-17eb6e3cec6f.md,UI,core,4,S,,gen-17eb6e3cec6f
Slack,SLK-gen-24dba6c37962,SLK-gen-24dba6c37962.md,UI,core,4,S,,gen-24dba6c37962
Slack,E2E-UI-001,SLK-gen-24dba6c37962.md,UI,core,4,S,,gen-24dba6c37962
Slack,E2E-UI-002,SLK-gen-24dba6c37962.md,UI,core,4,S,,gen-24dba6c37962
Slack,E2E-UI-003,SLK-gen-24dba6c37962.md,UI,core,4,S,,gen-24dba6c37962
Slack,A11Y-UI-004,SLK-gen-24dba6c37962.md,UI,core,4,S,,gen-24dba6c37962
Slack,SLK-gen-349b233e3996,SLK-gen-349b233e3996.md,UI,core,4,S,,gen-349b233e3996
Slack,E2E-UI-001,SLK-gen-349b233e3996.md,UI,core,4,S,,gen-349b233e3996
Slack,E2E-UI-002,SLK-gen-349b233e3996.md,UI,core,4,S,,gen-349b233e3996
Slack,E2E-UI-003,SLK-gen-349b233e3996.md,UI,core,4,S,,gen-349b233e3996
Slack,A11Y-UI-004,SLK-gen-349b233e3996.md,UI,core,4,S,,gen-349b233e3996
Slack,SLK-gen-582918b0dadf,SLK-gen-582918b0dadf.md,UI,core,4,S,,gen-582918b0dadf
Slack,E2E-UI-001,SLK-gen-582918b0dadf.md,UI,core,4,S,,gen-582918b0dadf
Slack,E2E-UI-002,SLK-gen-582918b0dadf.md,UI,core,4,S,,gen-582918b0dadf
Slack,E2E-UI-003,SLK-gen-582918b0dadf.md,UI,core,4,S,,gen-582918b0dadf
Slack,A11Y-UI-004,SLK-gen-582918b0dadf.md,UI,core,4,S,,gen-582918b0dadf
Slack,SLK-gen-7287d6642308,SLK-gen-7287d6642308.md,UI,core,4,S,,gen-7287d6642308
Slack,E2E-UI-001,SLK-gen-7287d6642308.md,UI,core,4,S,,gen-7287d6642308
Slack,E2E-UI-002,SLK-gen-7287d6642308.md,UI,core,4,S,,gen-7287d6642308
Slack,E2E-UI-003,SLK-gen-7287d6642308.md,UI,core,4,S,,gen-7287d6642308
Slack,A11Y-UI-004,SLK-gen-7287d6642308.md,UI,core,4,S,,gen-7287d6642308
Slack,SLK-gen-8bb714b7726e,SLK-gen-8bb714b7726e.md,UI,core,4,S,,gen-8bb714b7726e
Slack,E2E-UI-001,SLK-gen-8bb714b7726e.md,UI,core,4,S,,gen-8bb714b7726e
Slack,E2E-UI-002,SLK-gen-8bb714b7726e.md,UI,core,4,S,,gen-8bb714b7726e
Slack,E2E-UI-003,SLK-gen-8bb714b7726e.md,UI,core,4,S,,gen-8bb714b7726e
Slack,A11Y-UI-004,SLK-gen-8bb714b7726e.md,UI,core,4,S,,gen-8bb714b7726e
Slack,SLK-gen-8beba3bfd16f,SLK-gen-8beba3bfd16f.md,UI,core,4,S,,gen-8beba3bfd16f
Slack,E2E-UI-001,SLK-gen-8beba3bfd16f.md,UI,core,4,S,,gen-8beba3bfd16f
Slack,E2E-UI-002,SLK-gen-8beba3bfd16f.md,UI,core,4,S,,gen-8beba3bfd16f
Slack,E2E-UI-003,SLK-gen-8beba3bfd16f.md,UI,core,4,S,,gen-8beba3bfd16f
Slack,A11Y-UI-004,SLK-gen-8beba3bfd16f.md,UI,core,4,S,,gen-8beba3bfd16f
Slack,SLK-gen-8fdff21e2ba1,SLK-gen-8fdff21e2ba1.md,UI,core,4,S,,gen-8fdff21e2ba1
Slack,E2E-UI-001,SLK-gen-8fdff21e2ba1.md,UI,core,4,S,,gen-8fdff21e2ba1
Slack,E2E-UI-002,SLK-gen-8fdff21e2ba1.md,UI,core,4,S,,gen-8fdff21e2ba1
Slack,E2E-UI-003,SLK-gen-8fdff21e2ba1.md,UI,core,4,S,,gen-8fdff21e2ba1
Slack,A11Y-UI-004,SLK-gen-8fdff21e2ba1.md,UI,core,4,S,,gen-8fdff21e2ba1
Slack,SLK-gen-a8dca434506a,SLK-gen-a8dca434506a.md,UI,core,4,S,,gen-a8dca434506a
Slack,E2E-UI-001,SLK-gen-a8dca434506a.md,UI,core,4,S,,gen-a8dca434506a
Slack,E2E-UI-002,SLK-gen-a8dca434506a.md,UI,core,4,S,,gen-a8dca434506a
Slack,E2E-UI-003,SLK-gen-a8dca434506a.md,UI,core,4,S,,gen-a8dca434506a
Slack,A11Y-UI-004,SLK-gen-a8dca434506a.md,UI,core,4,S,,gen-a8dca434506a
Slack,SLK-gen-b113d8f5f7bb,SLK-gen-b113d8f5f7bb.md,UI,core,4,S,,gen-b113d8f5f7bb
Slack,E2E-UI-001,SLK-gen-b113d8f5f7bb.md,UI,core,4,S,,gen-b113d8f5f7bb
Slack,E2E-UI-002,SLK-gen-b113d8f5f7bb.md,UI,core,4,S,,gen-b113d8f5f7bb
Slack,E2E-UI-003,SLK-gen-b113d8f5f7bb.md,UI,core,4,S,,gen-b113d8f5f7bb
Slack,A11Y-UI-004,SLK-gen-b113d8f5f7bb.md,UI,core,4,S,,gen-b113d8f5f7bb
Slack,SLK-gen-b1a00932c9a8,SLK-gen-b1a00932c9a8.md,UI,core,4,S,,gen-b1a00932c9a8
Slack,E2E-UI-001,SLK-gen-b1a00932c9a8.md,UI,core,4,S,,gen-b1a00932c9a8
Slack,E2E-UI-002,SLK-gen-b1a00932c9a8.md,UI,core,4,S,,gen-b1a00932c9a8
Slack,E2E-UI-003,SLK-gen-b1a00932c9a8.md,UI,core,4,S,,gen-b1a00932c9a8
Slack,A11Y-UI-004,SLK-gen-b1a00932c9a8.md,UI,core,4,S,,gen-b1a00932c9a8
Slack,SLK-gen-b7c58d8a8e00,SLK-gen-b7c58d8a8e00.md,UI,core,4,S,,gen-b7c58d8a8e00
Slack,E2E-UI-001,SLK-gen-b7c58d8a8e00.md,UI,core,4,S,,gen-b7c58d8a8e00
Slack,E2E-UI-002,SLK-gen-b7c58d8a8e00.md,UI,core,4,S,,gen-b7c58d8a8e00
Slack,E2E-UI-003,SLK-gen-b7c58d8a8e00.md,UI,core,4,S,,gen-b7c58d8a8e00
Slack,A11Y-UI-004,SLK-gen-b7c58d8a8e00.md,UI,core,4,S,,gen-b7c58d8a8e00
Slack,SLK-gen-b88b23accc7d,SLK-gen-b88b23accc7d.md,UI,core,4,S,,gen-b88b23accc7d
Slack,E2E-UI-001,SLK-gen-b88b23accc7d.md,UI,core,4,S,,gen-b88b23accc7d
Slack,E2E-UI-002,SLK-gen-b88b23accc7d.md,UI,core,4,S,,gen-b88b23accc7d
Slack,E2E-UI-003,SLK-gen-b88b23accc7d.md,UI,core,4,S,,gen-b88b23accc7d
Slack,A11Y-UI-004,SLK-gen-b88b23accc7d.md,UI,core,4,S,,gen-b88b23accc7d
Slack,SLK-gen-d42a61cead0f,SLK-gen-d42a61cead0f.md,UI,core,4,S,,gen-d42a61cead0f
Slack,E2E-UI-001,SLK-gen-d42a61cead0f.md,UI,core,4,S,,gen-d42a61cead0f
Slack,E2E-UI-002,SLK-gen-d42a61cead0f.md,UI,core,4,S,,gen-d42a61cead0f
Slack,E2E-UI-003,SLK-gen-d42a61cead0f.md,UI,core,4,S,,gen-d42a61cead0f
Slack,A11Y-UI-004,SLK-gen-d42a61cead0f.md,UI,core,4,S,,gen-d42a61cead0f
Slack,SLK-gen-dd90ed7b88cf,SLK-gen-dd90ed7b88cf.md,UI,core,4,S,,gen-dd90ed7b88cf
Slack,E2E-UI-001,SLK-gen-dd90ed7b88cf.md,UI,core,4,S,,gen-dd90ed7b88cf
Slack,E2E-UI-002,SLK-gen-dd90ed7b88cf.md,UI,core,4,S,,gen-dd90ed7b88cf
Slack,E2E-UI-003,SLK-gen-dd90ed7b88cf.md,UI,core,4,S,,gen-dd90ed7b88cf
Slack,A11Y-UI-004,SLK-gen-dd90ed7b88cf.md,UI,core,4,S,,gen-dd90ed7b88cf
Slack,SLK-gen-ecceaac3b022,SLK-gen-ecceaac3b022.md,UI,core,4,S,,gen-ecceaac3b022
Slack,E2E-UI-001,SLK-gen-ecceaac3b022.md,UI,core,4,S,,gen-ecceaac3b022
Slack,E2E-UI-002,SLK-gen-ecceaac3b022.md,UI,core,4,S,,gen-ecceaac3b022
Slack,E2E-UI-003,SLK-gen-ecceaac3b022.md,UI,core,4,S,,gen-ecceaac3b022
Slack,A11Y-UI-004,SLK-gen-ecceaac3b022.md,UI,core,4,S,,gen-ecceaac3b022
Jira,J-UI-001,IO-136500-testcases_v5.md,UI,core,3,S,,IO-136500
Jira,J-UI-001,IO-141368-testcases_v5.md,UI,core,3,S,,IO-141368
Slack,SEC-BE-004,SLK-gen-040900350093.md,UI,core,3,S,,gen-040900350093
Slack,SEC-BE-004,SLK-gen-0c457e0a44ad.md,UI,core,3,S,,gen-0c457e0a44ad
Slack,SEC-BE-004,SLK-gen-155bc4f14fd4.md,UI,core,3,S,,gen-155bc4f14fd4
Slack,SEC-BE-004,SLK-gen-15af3eb1abf2.md,UI,core,3,S,,gen-15af3eb1abf2
Slack,SEC-BE-004,SLK-gen-17eb6e3cec6f.md,UI,core,3,S,,gen-17eb6e3cec6f
Slack,SEC-BE-004,SLK-gen-24dba6c37962.md,UI,core,3,S,,gen-24dba6c37962
Slack,SEC-BE-004,SLK-gen-349b233e3996.md,UI,core,3,S,,gen-349b233e3996
Slack,SEC-BE-004,SLK-gen-582918b0dadf.md,UI,core,3,S,,gen-582918b0dadf
Slack,SEC-BE-004,SLK-gen-7287d6642308.md,UI,core,3,S,,gen-7287d6642308
Slack,SEC-BE-004,SLK-gen-8bb714b7726e.md,UI,core,3,S,,gen-8bb714b7726e
Slack,SEC-BE-004,SLK-gen-8beba3bfd16f.md,UI,core,3,S,,gen-8beba3bfd16f
Slack,SEC-BE-004,SLK-gen-8fdff21e2ba1.md,UI,core,3,S,,gen-8fdff21e2ba1
Slack,SEC-BE-004,SLK-gen-a8dca434506a.md,UI,core,3,S,,gen-a8dca434506a
Slack,SEC-BE-004,SLK-gen-b113d8f5f7bb.md,UI,core,3,S,,gen-b113d8f5f7bb
Slack,SEC-BE-004,SLK-gen-b1a00932c9a8.md,UI,core,3,S,,gen-b1a00932c9a8
Slack,SEC-BE-004,SLK-gen-b7c58d8a8e00.md,UI,core,3,S,,gen-b7c58d8a8e00
Slack,SEC-BE-004,SLK-gen-b88b23accc7d.md,UI,core,3,S,,gen-b88b23accc7d
Slack,SEC-BE-004,SLK-gen-d42a61cead0f.md,UI,core,3,S,,gen-d42a61cead0f
Slack,SEC-BE-004,SLK-gen-dd90ed7b88cf.md,UI,core,3,S,,gen-dd90ed7b88cf
Slack,SEC-BE-004,SLK-gen-ecceaac3b022.md,UI,core,3,S,,gen-ecceaac3b022
Slack,PAR-BE-002,SLK-gen-040900350093.md,API,core,2,S,,gen-040900350093
Slack,ERR-BE-006,SLK-gen-040900350093.md,UI,core,2,S,,gen-040900350093
Slack,PAR-BE-002,SLK-gen-0c457e0a44ad.md,API,core,2,S,,gen-0c457e0a44ad
Slack,ERR-BE-006,SLK-gen-0c457e0a44ad.md,UI,core,2,S,,gen-0c457e0a44ad
Slack,PAR-BE-002,SLK-gen-155bc4f14fd4.md,API,core,2,S,,gen-155bc4f14fd4
Slack,ERR-BE-006,SLK-gen-155bc4f14fd4.md,UI,core,2,S,,gen-155bc4f14fd4
Slack,PAR-BE-002,SLK-gen-15af3eb1abf2.md,API,core,2,S,,gen-15af3eb1abf2
Slack,ERR-BE-006,SLK-gen-15af3eb1abf2.md,UI,core,2,S,,gen-15af3eb1abf2
Slack,PAR-BE-002,SLK-gen-17eb6e3cec6f.md,API,core,2,S,,gen-17eb6e3cec6f
Slack,ERR-BE-006,SLK-gen-17eb6e3cec6f.md,UI,core,2,S,,gen-17eb6e3cec6f
Slack,PAR-BE-002,SLK-gen-24dba6c37962.md,API,core,2,S,,gen-24dba6c37962
Slack,ERR-BE-006,SLK-gen-24dba6c37962.md,UI,core,2,S,,gen-24dba6c37962
Slack,PAR-BE-002,SLK-gen-349b233e3996.md,API,core,2,S,,gen-349b233e3996
Slack,ERR-BE-006,SLK-gen-349b233e3996.md,UI,core,2,S,,gen-349b233e3996
Slack,PAR-BE-002,SLK-gen-582918b0dadf.md,API,core,2,S,,gen-582918b0dadf
Slack,ERR-BE-006,SLK-gen-582918b0dadf.md,UI,core,2,S,,gen-582918b0dadf
Slack,PAR-BE-002,SLK-gen-7287d6642308.md,API,core,2,S,,gen-7287d6642308
Slack,ERR-BE-006,SLK-gen-7287d6642308.md,UI,core,2,S,,gen-7287d6642308
Slack,PAR-BE-002,SLK-gen-8bb714b7726e.md,API,core,2,S,,gen-8bb714b7726e
Slack,ERR-BE-006,SLK-gen-8bb714b7726e.md,UI,core,2,S,,gen-8bb714b7726e
Slack,PAR-BE-002,SLK-gen-8beba3bfd16f.md,API,core,2,S,,gen-8beba3bfd16f
Slack,ERR-BE-006,SLK-gen-8beba3bfd16f.md,UI,core,2,S,,gen-8beba3bfd16f
Slack,PAR-BE-002,SLK-gen-8fdff21e2ba1.md,API,core,2,S,,gen-8fdff21e2ba1
Slack,ERR-BE-006,SLK-gen-8fdff21e2ba1.md,UI,core,2,S,,gen-8fdff21e2ba1
Slack,PAR-BE-002,SLK-gen-a8dca434506a.md,API,core,2,S,,gen-a8dca434506a
Slack,ERR-BE-006,SLK-gen-a8dca434506a.md,UI,core,2,S,,gen-a8dca434506a
Slack,PAR-BE-002,SLK-gen-b113d8f5f7bb.md,API,core,2,S,,gen-b113d8f5f7bb
Slack,ERR-BE-006,SLK-gen-b113d8f5f7bb.md,UI,core,2,S,,gen-b113d8f5f7bb
Slack,PAR-BE-002,SLK-gen-b1a00932c9a8.md,API,core,2,S,,gen-b1a00932c9a8
Slack,ERR-BE-006,SLK-gen-b1a00932c9a8.md,UI,core,2,S,,gen-b1a00932c9a8
Slack,PAR-BE-002,SLK-gen-b7c58d8a8e00.md,API,core,2,S,,gen-b7c58d8a8e00
Slack,ERR-BE-006,SLK-gen-b7c58d8a8e00.md,UI,core,2,S,,gen-b7c58d8a8e00
Slack,PAR-BE-002,SLK-gen-b88b23accc7d.md,API,core,2,S,,gen-b88b23accc7d
Slack,ERR-BE-006,SLK-gen-b88b23accc7d.md,UI,core,2,S,,gen-b88b23accc7d
Slack,PAR-BE-002,SLK-gen-d42a61cead0f.md,API,core,2,S,,gen-d42a61cead0f
Slack,ERR-BE-006,SLK-gen-d42a61cead0f.md,UI,core,2,S,,gen-d42a61cead0f
Slack,PAR-BE-002,SLK-gen-dd90ed7b88cf.md,API,core,2,S,,gen-dd90ed7b88cf
Slack,ERR-BE-006,SLK-gen-dd90ed7b88cf.md,UI,core,2,S,,gen-dd90ed7b88cf
Slack,PAR-BE-002,SLK-gen-ecceaac3b022.md,API,core,2,S,,gen-ecceaac3b022
Slack,ERR-BE-006,SLK-gen-ecceaac3b022.md,UI,core,2,S,,gen-ecceaac3b022
Slack,PERF-BE-003,SLK-gen-040900350093.md,UI,core,1,S,,gen-040900350093
Slack,PERF-BE-003,SLK-gen-0c457e0a44ad.md,UI,core,1,S,,gen-0c457e0a44ad
Slack,PERF-BE-003,SLK-gen-155bc4f14fd4.md,UI,core,1,S,,gen-155bc4f14fd4
Slack,PERF-BE-003,SLK-gen-15af3eb1abf2.md,UI,core,1,S,,gen-15af3eb1abf2
Slack,PERF-BE-003,SLK-gen-17eb6e3cec6f.md,UI,core,1,S,,gen-17eb6e3cec6f
Slack,PERF-BE-003,SLK-gen-24dba6c37962.md,UI,core,1,S,,gen-24dba6c37962
Slack,PERF-BE-003,SLK-gen-349b233e3996.md,UI,core,1,S,,gen-349b233e3996
Slack,PERF-BE-003,SLK-gen-582918b0dadf.md,UI,core,1,S,,gen-582918b0dadf
Slack,PERF-BE-003,SLK-gen-7287d6642308.md,UI,core,1,S,,gen-7287d6642308
Slack,PERF-BE-003,SLK-gen-8bb714b7726e.md,UI,core,1,S,,gen-8bb714b7726e
Slack,PERF-BE-003,SLK-gen-8beba3bfd16f.md,UI,core,1,S,,gen-8beba3bfd16f
Slack,PERF-BE-003,SLK-gen-8fdff21e2ba1.md,UI,core,1,S,,gen-8fdff21e2ba1
Slack,PERF-BE-003,SLK-gen-a8dca434506a.md,UI,core,1,S,,gen-a8dca434506a
Slack,PERF-BE-003,SLK-gen-b113d8f5f7bb.md,UI,core,1,S,,gen-b113d8f5f7bb
Slack,PERF-BE-003,SLK-gen-b1a00932c9a8.md,UI,core,1,S,,gen-b1a00932c9a8
Slack,PERF-BE-003,SLK-gen-b7c58d8a8e00.md,UI,core,1,S,,gen-b7c58d8a8e00
Slack,PERF-BE-003,SLK-gen-b88b23accc7d.md,UI,core,1,S,,gen-b88b23accc7d
Slack,PERF-BE-003,SLK-gen-d42a61cead0f.md,UI,core,1,S,,gen-d42a61cead0f
Slack,PERF-BE-003,SLK-gen-dd90ed7b88cf.md,UI,core,1,S,,gen-dd90ed7b88cf
Slack,PERF-BE-003,SLK-gen-ecceaac3b022.md,UI,core,1,S,,gen-ecceaac3b022
Slack,INDEX,INDEX.md,BE,core,0,S,,
Slack,INT-BE-001,SLK-gen-040900350093.md,UI,core,0,S,,gen-040900350093
Slack,REL-BE-005,SLK-gen-040900350093.md,UI,core,0,S,,gen-040900350093
Slack,INT-BE-001,SLK-gen-0c457e0a44ad.md,UI,core,0,S,,gen-0c457e0a44ad
Slack,REL-BE-005,SLK-gen-0c457e0a44ad.md,UI,core,0,S,,gen-0c457e0a44ad
Slack,INT-BE-001,SLK-gen-155bc4f14fd4.md,UI,core,0,S,,gen-155bc4f14fd4
Slack,REL-BE-005,SLK-gen-155bc4f14fd4.md,UI,core,0,S,,gen-155bc4f14fd4
Slack,INT-BE-001,SLK-gen-15af3eb1abf2.md,UI,core,0,S,,gen-15af3eb1abf2
Slack,REL-BE-005,SLK-gen-15af3eb1abf2.md,UI,core,0,S,,gen-15af3eb1abf2
Slack,INT-BE-001,SLK-gen-17eb6e3cec6f.md,UI,core,0,S,,gen-17eb6e3cec6f
Slack,REL-BE-005,SLK-gen-17eb6e3cec6f.md,UI,core,0,S,,gen-17eb6e3cec6f
Slack,INT-BE-001,SLK-gen-24dba6c37962.md,UI,core,0,S,,gen-24dba6c37962
Slack,REL-BE-005,SLK-gen-24dba6c37962.md,UI,core,0,S,,gen-24dba6c37962
Slack,INT-BE-001,SLK-gen-349b233e3996.md,UI,core,0,S,,gen-349b233e3996
Slack,REL-BE-005,SLK-gen-349b233e3996.md,UI,core,0,S,,gen-349b233e3996
Slack,INT-BE-001,SLK-gen-582918b0dadf.md,UI,core,0,S,,gen-582918b0dadf
Slack,REL-BE-005,SLK-gen-582918b0dadf.md,UI,core,0,S,,gen-582918b0dadf
Slack,INT-BE-001,SLK-gen-7287d6642308.md,UI,core,0,S,,gen-7287d6642308
Slack,REL-BE-005,SLK-gen-7287d6642308.md,UI,core,0,S,,gen-7287d6642308
Slack,INT-BE-001,SLK-gen-8bb714b7726e.md,UI,core,0,S,,gen-8bb714b7726e
Slack,REL-BE-005,SLK-gen-8bb714b7726e.md,UI,core,0,S,,gen-8bb714b7726e
Slack,INT-BE-001,SLK-gen-8beba3bfd16f.md,UI,core,0,S,,gen-8beba3bfd16f
Slack,REL-BE-005,SLK-gen-8beba3bfd16f.md,UI,core,0,S,,gen-8beba3bfd16f
Slack,INT-BE-001,SLK-gen-8fdff21e2ba1.md,UI,core,0,S,,gen-8fdff21e2ba1
Slack,REL-BE-005,SLK-gen-8fdff21e2ba1.md,UI,core,0,S,,gen-8fdff21e2ba1
Slack,INT-BE-001,SLK-gen-a8dca434506a.md,UI,core,0,S,,gen-a8dca434506a
Slack,REL-BE-005,SLK-gen-a8dca434506a.md,UI,core,0,S,,gen-a8dca434506a
Slack,INT-BE-001,SLK-gen-b113d8f5f7bb.md,UI,core,0,S,,gen-b113d8f5f7bb
Slack,REL-BE-005,SLK-gen-b113d8f5f7bb.md,UI,core,0,S,,gen-b113d8f5f7bb
Slack,INT-BE-001,SLK-gen-b1a00932c9a8.md,UI,core,0,S,,gen-b1a00932c9a8
Slack,REL-BE-005,SLK-gen-b1a00932c9a8.md,UI,core,0,S,,gen-b1a00932c9a8
Slack,INT-BE-001,SLK-gen-b7c58d8a8e00.md,UI,core,0,S,,gen-b7c58d8a8e00
Slack,REL-BE-005,SLK-gen-b7c58d8a8e00.md,UI,core,0,S,,gen-b7c58d8a8e00
Slack,INT-BE-001,SLK-gen-b88b23accc7d.md,UI,core,0,S,,gen-b88b23accc7d
Slack,REL-BE-005,SLK-gen-b88b23accc7d.md,UI,core,0,S,,gen-b88b23accc7d
Slack,INT-BE-001,SLK-gen-d42a61cead0f.md,UI,core,0,S,,gen-d42a61cead0f
Slack,REL-BE-005,SLK-gen-d42a61cead0f.md,UI,core,0,S,,gen-d42a61cead0f
Slack,INT-BE-001,SLK-gen-dd90ed7b88cf.md,UI,core,0,S,,gen-dd90ed7b88cf
Slack,REL-BE-005,SLK-gen-dd90ed7b88cf.md,UI,core,0,S,,gen-dd90ed7b88cf
Slack,INT-BE-001,SLK-gen-ecceaac3b022.md,UI,core,0,S,,gen-ecceaac3b022
Slack,REL-BE-005,SLK-gen-ecceaac3b022.md,UI,core,0,S,,gen-ecceaac3b022
